{
    "RMSE": 5.424594005395673,
    "MAE": 3.519412170821611,
    "R2": 0.9472057515796649,
    "Zone_Errors": {
        "Critical": 1.5711807840349081,
        "Medium": 3.21497182509838,
        "Safe": 0.42896022263457795
    }
}